observation_date,IPN221113N
1972-01-01,6.1328
1972-02-01,5.5819
1972-03-01,6.1460
1972-04-01,5.3926
1972-05-01,4.2312
1972-06-01,5.7189
1972-07-01,6.6958
1972-08-01,8.3358
1972-09-01,7.1274
1972-10-01,6.7282
1972-11-01,8.0459
1972-12-01,8.8052
1973-01-01,9.1363
1973-02-01,9.6002
1973-03-01,9.7258
1973-04-01,8.8816
1973-05-01,8.3333
1973-06-01,10.2540
1973-07-01,10.1807
1973-08-01,11.3875
1973-09-01,11.8834
1973-10-01,10.9969
1973-11-01,12.3067
1973-12-01,11.7473
1974-01-01,11.1213
1974-02-01,13.1436
1974-03-01,12.8385
1974-04-01,10.7755
1974-05-01,9.5985
1974-06-01,10.7014
1974-07-01,14.9346
1974-08-01,18.0400
1974-09-01,16.6417
1974-10-01,15.8913
1974-11-01,16.6326
1974-12-01,19.4370
1975-01-01,20.3877
1975-02-01,20.6207
1975-03-01,21.7686
1975-04-01,20.1438
1975-05-01,20.1332
1975-06-01,19.2626
1975-07-01,22.4853
1975-08-01,23.2284
1975-09-01,21.7596
1975-10-01,21.3941
1975-11-01,21.4089
1975-12-01,24.3971
1976-01-01,23.5487
1976-02-01,22.4802
1976-03-01,20.4682
1976-04-01,16.5993
1976-05-01,17.4491
1976-06-01,23.8168
1976-07-01,25.9038
1976-08-01,26.8604
1976-09-01,26.1339
1976-10-01,25.3859
1976-11-01,24.3866
1976-12-01,30.8859
1977-01-01,32.4027
1977-02-01,31.7432
1977-03-01,30.2379
1977-04-01,30.0290
1977-05-01,30.1311
1977-06-01,32.5230
1977-07-01,31.9244
1977-08-01,33.2775
1977-09-01,29.6708
1977-10-01,27.8521
1977-11-01,29.4108
1977-12-01,34.7709
1978-01-01,37.7871
1978-02-01,35.3578
1978-03-01,32.8372
1978-04-01,26.5722
1978-05-01,29.8634
1978-06-01,33.5327
1978-07-01,36.5789
1978-08-01,37.4448
1978-09-01,33.5387
1978-10-01,33.6387
1978-11-01,37.6379
1978-12-01,37.1757
1979-01-01,40.6526
1979-02-01,41.9620
1979-03-01,35.5959
1979-04-01,27.8389
1979-05-01,21.9777
1979-06-01,24.2823
1979-07-01,30.4617
1979-08-01,35.4043
1979-09-01,32.9568
1979-10-01,30.6211
1979-11-01,29.1040
1979-12-01,30.1121
1980-01-01,28.8834
1980-02-01,30.1420
1980-03-01,29.3119
1980-04-01,28.4072
1980-05-01,26.8926
1980-06-01,27.6938
1980-07-01,30.7528
1980-08-01,35.5930
1980-09-01,35.6292
1980-10-01,35.8519
1980-11-01,31.7174
1980-12-01,32.3705
1981-01-01,34.7826
1981-02-01,34.9724
1981-03-01,32.1862
1981-04-01,31.2065
1981-05-01,28.8497
1981-06-01,31.9925
1981-07-01,33.7602
1981-08-01,39.4151
1981-09-01,36.8777
1981-10-01,30.0682
1981-11-01,34.4366
1981-12-01,38.0270
1982-01-01,37.5604
1982-02-01,32.6938
1982-03-01,33.2848
1982-04-01,32.9281
1982-05-01,31.6523
1982-06-01,36.3154
1982-07-01,37.2517
1982-08-01,36.5481
1982-09-01,38.3786
1982-10-01,34.0059
1982-11-01,35.1198
1982-12-01,35.6559
1983-01-01,36.6754
1983-02-01,35.9489
1983-03-01,34.9450
1983-04-01,33.7594
1983-05-01,32.2550
1983-06-01,36.5058
1983-07-01,37.4492
1983-08-01,38.3254
1983-09-01,37.7982
1983-10-01,37.7344
1983-11-01,37.8027
1983-12-01,38.5594
1984-01-01,42.8774
1984-02-01,44.4632
1984-03-01,39.9988
1984-04-01,36.6252
1984-05-01,37.8368
1984-06-01,38.2395
1984-07-01,41.3723
1984-08-01,43.1407
1984-09-01,44.0543
1984-10-01,36.2380
1984-11-01,37.1452
1984-12-01,45.1579
1985-01-01,52.9309
1985-02-01,49.8990
1985-03-01,45.4051
1985-04-01,39.9914
1985-05-01,41.9764
1985-06-01,46.6102
1985-07-01,51.4652
1985-08-01,50.9211
1985-09-01,52.1590
1985-10-01,45.6450
1985-11-01,45.5960
1985-12-01,49.4145
1986-01-01,52.9792
1986-02-01,52.9906
1986-03-01,45.0131
1986-04-01,46.0661
1986-05-01,46.6967
1986-06-01,47.3614
1986-07-01,52.5038
1986-08-01,54.8281
1986-09-01,55.3104
1986-10-01,52.9719
1986-11-01,52.8180
1986-12-01,57.7243
1987-01-01,58.4732
1987-02-01,59.2693
1987-03-01,54.5458
1987-04-01,50.6626
1987-05-01,50.2014
1987-06-01,55.2606
1987-07-01,58.5917
1987-08-01,60.4874
1987-09-01,59.9553
1987-10-01,53.3785
1987-11-01,56.5877
1987-12-01,61.4441
1988-01-01,65.3233
1988-02-01,66.0569
1988-03-01,64.2321
1988-04-01,60.5614
1988-05-01,59.4606
1988-06-01,66.6256
1988-07-01,72.8857
1988-08-01,71.7257
1988-09-01,69.9373
1988-10-01,62.2998
1988-11-01,59.8298
1988-12-01,64.4368
1989-01-01,67.7661
1989-02-01,62.7139
1989-03-01,57.9774
1989-04-01,50.6278
1989-05-01,56.0802
1989-06-01,64.9584
1989-07-01,76.5469
1989-08-01,80.3749
1989-09-01,67.7713
1989-10-01,63.7143
1989-11-01,65.5977
1989-12-01,74.2840
1990-01-01,80.6444
1990-02-01,80.9322
1990-03-01,67.4285
1990-04-01,58.2295
1990-05-01,62.8305
1990-06-01,70.0447
1990-07-01,78.4838
1990-08-01,81.5746
1990-09-01,73.2982
1990-10-01,63.4866
1990-11-01,68.0802
1990-12-01,75.4633
1991-01-01,79.5401
1991-02-01,77.5240
1991-03-01,71.8616
1991-04-01,62.9339
1991-05-01,68.3995
1991-06-01,81.9456
1991-07-01,88.8504
1991-08-01,85.5411
1991-09-01,78.4167
1991-10-01,69.7121
1991-11-01,69.9828
1991-12-01,78.3956
1992-01-01,84.6274
1992-02-01,82.5743
1992-03-01,67.0519
1992-04-01,63.8947
1992-05-01,66.7474
1992-06-01,77.3739
1992-07-01,81.9935
1992-08-01,85.8075
1992-09-01,76.9723
1992-10-01,71.3663
1992-11-01,76.6811
1992-12-01,84.9587
1993-01-01,86.4233
1993-02-01,83.1195
1993-03-01,68.1811
1993-04-01,65.3037
1993-05-01,73.6837
1993-06-01,79.5459
1993-07-01,82.6590
1993-08-01,82.2301
1993-09-01,75.5680
1993-10-01,65.0035
1993-11-01,70.8404
1993-12-01,77.6923
1994-01-01,83.1618
1994-02-01,80.6921
1994-03-01,71.6365
1994-04-01,65.2913
1994-05-01,70.9864
1994-06-01,78.2289
1994-07-01,86.4892
1994-08-01,87.9235
1994-09-01,84.0876
1994-10-01,74.1700
1994-11-01,83.5602
1994-12-01,88.4955
1995-01-01,92.6564
1995-02-01,83.9845
1995-03-01,75.8886
1995-04-01,74.5496
1995-05-01,79.5544
1995-06-01,85.2201
1995-07-01,90.7443
1995-08-01,90.1943
1995-09-01,84.1756
1995-10-01,79.4168
1995-11-01,79.6683
1995-12-01,87.5365
1996-01-01,92.0681
1996-02-01,87.4504
1996-03-01,81.1443
1996-04-01,76.0664
1996-05-01,81.3827
1996-06-01,86.9084
1996-07-01,89.1587
1996-08-01,89.9252
1996-09-01,82.5184
1996-10-01,74.0341
1996-11-01,78.8003
1996-12-01,83.6129
1997-01-01,86.1811
1997-02-01,82.0445
1997-03-01,73.7486
1997-04-01,67.8467
1997-05-01,68.8026
1997-06-01,78.7506
1997-07-01,83.8988
1997-08-01,89.3520
1997-09-01,79.4839
1997-10-01,68.7212
1997-11-01,77.3723
1997-12-01,81.1195
1998-01-01,84.6769
1998-02-01,82.5912
1998-03-01,78.5655
1998-04-01,71.8009
1998-05-01,75.3255
1998-06-01,84.2391
1998-07-01,89.9574
1998-08-01,88.3045
1998-09-01,86.4878
1998-10-01,84.0561
1998-11-01,86.8048
1998-12-01,91.5461
1999-01-01,95.8367
1999-02-01,92.8884
1999-03-01,85.9006
1999-04-01,73.2296
1999-05-01,81.8993
1999-06-01,94.0991
1999-07-01,97.7201
1999-08-01,99.8821
1999-09-01,92.2516
1999-10-01,81.3257
1999-11-01,91.8299
1999-12-01,100.0810
2000-01-01,99.4857
2000-02-01,96.4568
2000-03-01,88.4873
2000-04-01,85.0236
2000-05-01,89.9281
2000-06-01,97.6356
2000-07-01,101.1795
2000-08-01,99.3994
2000-09-01,93.0315
2000-10-01,80.8020
2000-11-01,90.0523
2000-12-01,99.2926
2001-01-01,100.5009
2001-02-01,99.2287
2001-03-01,90.8960
2001-04-01,84.6488
2001-05-01,89.9770
2001-06-01,102.8171
2001-07-01,101.1723
2001-08-01,100.0364
2001-09-01,95.7967
2001-10-01,88.4390
2001-11-01,94.2297
2001-12-01,98.6342
2002-01-01,103.7465
2002-02-01,99.8536
2002-03-01,92.2124
2002-04-01,88.3278
2002-05-01,92.2000
2002-06-01,100.3213
2002-07-01,103.0077
2002-08-01,103.5297
2002-09-01,97.4629
2002-10-01,88.4859
2002-11-01,92.9882
2002-12-01,100.7911
2003-01-01,101.2382
2003-02-01,98.6934
2003-03-01,87.6671
2003-04-01,85.8165
2003-05-01,90.9856
2003-06-01,97.0094
2003-07-01,101.8842
2003-08-01,100.9643
2003-09-01,96.1069
2003-10-01,87.7884
2003-11-01,91.2855
2003-12-01,100.3614
2004-01-01,103.5714
2004-02-01,100.2314
2004-03-01,92.5700
2004-04-01,88.6047
2004-05-01,94.9576
2004-06-01,102.3803
2004-07-01,105.2811
2004-08-01,103.9551
2004-09-01,99.6565
2004-10-01,91.4660
2004-11-01,89.0893
2004-12-01,100.3686
2005-01-01,102.1409
2005-02-01,98.7016
2005-03-01,90.0152
2005-04-01,83.8643
2005-05-01,92.1097
2005-06-01,99.9773
2005-07-01,103.9573
2005-08-01,104.4130
2005-09-01,100.8762
2005-10-01,89.5721
2005-11-01,95.0928
2005-12-01,104.9301
2006-01-01,105.1882
2006-02-01,101.4040
2006-03-01,93.2074
2006-04-01,87.0130
2006-05-01,91.8248
2006-06-01,103.3739
2006-07-01,105.5904
2006-08-01,105.3412
2006-09-01,100.7301
2006-10-01,84.1215
2006-11-01,92.7947
2006-12-01,103.1084
2007-01-01,108.2522
2007-02-01,105.6295
2007-03-01,94.0620
2007-04-01,86.6113
2007-05-01,95.1143
2007-06-01,104.1775
2007-07-01,106.3979
2007-08-01,106.4160
2007-09-01,102.1452
2007-10-01,90.2361
2007-11-01,98.0955
2007-12-01,105.2924
2008-01-01,103.4666
2008-02-01,101.8394
2008-03-01,94.6637
2008-04-01,86.6586
2008-05-01,94.8238
2008-06-01,106.2880
2008-07-01,108.7087
2008-08-01,106.2203
2008-09-01,101.3521
2008-10-01,91.8902
2008-11-01,95.8416
2008-12-01,106.6799
2009-01-01,108.3931
2009-02-01,104.0139
2009-03-01,98.3558
2009-04-01,89.7960
2009-05-01,95.6569
2009-06-01,105.4043
2009-07-01,106.7058
2009-08-01,105.6754
2009-09-01,99.3841
2009-10-01,84.8698
2009-11-01,89.2833
2009-12-01,103.4310
2010-01-01,106.1504
2010-02-01,105.6628
2010-03-01,94.5441
2010-04-01,87.0793
2010-05-01,97.5042
2010-06-01,103.2377
2010-07-01,105.1911
2010-08-01,104.6947
2010-09-01,104.8548
2010-10-01,91.7885
2010-11-01,94.7035
2010-12-01,107.7799
2011-01-01,106.4042
2011-02-01,104.9238
2011-03-01,96.0462
2011-04-01,82.4485
2011-05-01,83.3954
2011-06-01,98.6560
2011-07-01,105.8221
2011-08-01,104.3501
2011-09-01,101.0423
2011-10-01,92.6458
2011-11-01,97.4525
2011-12-01,105.0798
2012-01-01,105.8752
2012-02-01,99.8327
2012-03-01,90.2932
2012-04-01,84.4491
2012-05-01,90.8093
2012-06-01,98.4595
2012-07-01,101.1186
2012-08-01,101.8101
2012-09-01,97.5084
2012-10-01,87.3891
2012-11-01,85.7215
2012-12-01,100.3204
2013-01-01,104.4485
2013-02-01,99.5704
2013-03-01,92.0760
2013-04-01,85.8033
2013-05-01,91.9308
2013-06-01,100.4087
2013-07-01,103.1809
2013-08-01,104.3586
2013-09-01,99.4554
2013-10-01,92.4214
2013-11-01,98.2106
2013-12-01,104.2843
2014-01-01,107.0182
2014-02-01,101.4418
2014-03-01,91.2710
2014-04-01,85.2255
2014-05-01,92.0760
2014-06-01,102.9912
2014-07-01,105.2301
2014-08-01,104.0432
2014-09-01,102.0786
2014-10-01,91.2621
2014-11-01,98.4596
2014-12-01,107.3107
2015-01-01,108.6380
2015-02-01,102.7738
2015-03-01,94.4155
2015-04-01,90.3645
2015-05-01,96.2874
2015-06-01,103.5624
2015-07-01,104.4578
2015-08-01,105.9252
2015-09-01,100.4793
2015-10-01,88.5998
2015-11-01,91.0891
2015-12-01,101.8563
2016-01-01,106.0853
2016-02-01,102.6334
2016-03-01,96.7590
2016-04-01,94.8194
2016-05-01,97.3844
2016-06-01,101.5357
2016-07-01,102.9032
2016-08-01,104.6249
2016-09-01,98.9251
2016-10-01,88.8374
2016-11-01,98.5179
2016-12-01,104.8239
2017-01-01,106.9568
2017-02-01,102.9340
2017-03-01,95.2148
2017-04-01,85.7678
2017-05-01,89.6849
2017-06-01,101.2870
2017-07-01,104.3145
2017-08-01,105.8797
2017-09-01,102.9302
2017-10-01,96.5335
2017-11-01,100.6931
2017-12-01,107.8037
2018-01-01,109.1925
2018-02-01,104.9254
2018-03-01,98.0517
2018-04-01,89.3800
2018-05-01,98.4724
2018-06-01,105.3330
2018-07-01,105.9847
2018-08-01,105.7308
2018-09-01,97.8317
2018-10-01,86.8825
2018-11-01,96.6672
2018-12-01,104.8163
2019-01-01,107.8055
2019-02-01,104.8037
2019-03-01,95.1950
2019-04-01,91.5683
2019-05-01,98.1846
2019-06-01,103.9988
2019-07-01,105.6081
2019-08-01,105.1870
2019-09-01,99.8553
2019-10-01,90.7379
2019-11-01,96.9258
2019-12-01,106.8880
2020-01-01,108.4903
2020-02-01,103.0600
2020-03-01,93.6113
2020-04-01,89.4356
2020-05-01,94.1101
2020-06-01,101.5806
2020-07-01,101.4926
2020-08-01,100.9031
2020-09-01,99.3466
2020-10-01,86.8315
2020-11-01,93.3489
2020-12-01,102.2035
2021-01-01,104.9271
2021-02-01,101.9520
2021-03-01,93.1900
2021-04-01,86.2947
2021-05-01,92.7293
2021-06-01,99.8650
2021-07-01,100.6837
2021-08-01,101.6184
2021-09-01,97.5222
2021-10-01,85.4258
2021-11-01,94.8453
2021-12-01,103.4453
2022-01-01,103.2362
2022-02-01,100.1673
2022-03-01,92.3767
2022-04-01,83.5695
2022-05-01,92.7117
2022-06-01,99.3284
2022-07-01,100.7202
2022-08-01,100.7787
2022-09-01,96.3326
2022-10-01,86.2215
2022-11-01,93.7767
2022-12-01,101.0669
2023-01-01,103.6647
2023-02-01,98.4750
2023-03-01,91.8911
2023-04-01,85.6448
2023-05-01,89.4542
2023-06-01,97.9741
2023-07-01,102.2269
2023-08-01,102.0177
2023-09-01,99.0942
2023-10-01,89.8652
2023-11-01,94.1017
2023-12-01,100.7159
2024-01-01,101.0464
2024-02-01,100.9851
2024-03-01,92.6591
2024-04-01,86.9749
2024-05-01,95.0389
2024-06-01,103.0724
2024-07-01,102.1742
2024-08-01,102.0411
2024-09-01,94.7123
2024-10-01,85.9699
2024-11-01,93.5681
2024-12-01,104.1475
2025-01-01,104.9359
2025-02-01,100.1285
2025-03-01,91.3587
2025-04-01,87.5055
2025-05-01,90.9023
2025-06-01,100.0948
2025-07-01,103.5346
2025-08-01,103.4249
2025-09-01,98.9400
2025-10-01,86.6267
2025-11-01,96.4490
2025-12-01,106.0797
